sku,warehouse,on_hand,reserved,updated_ts
SKU00001,WH1,554,61,2025-10-16T06:09:01.791558
SKU00001,WH2,60,3,2025-10-16T06:09:01.791662
SKU00001,WH3,321,22,2025-10-16T06:09:01.791679
SKU00002,WH1,246,18,2025-10-16T06:09:01.791992
SKU00002,WH2,291,35,2025-10-16T06:09:01.792004
SKU00002,WH3,22,1,2025-10-16T06:09:01.792011
SKU00003,WH1,86,10,2025-10-16T06:09:01.792094
SKU00003,WH2,416,3,2025-10-16T06:09:01.792103
SKU00003,WH3,533,35,2025-10-16T06:09:01.792111
SKU00004,WH1,142,20,2025-10-16T06:09:01.792177
SKU00004,WH2,552,98,2025-10-16T06:09:01.792185
SKU00004,WH3,12,1,2025-10-16T06:09:01.792192
SKU00005,WH1,181,10,2025-10-16T06:09:01.792454
SKU00005,WH2,294,40,2025-10-16T06:09:01.792472
SKU00005,WH3,58,9,2025-10-16T06:09:01.792481
SKU00006,WH1,80,15,2025-10-16T06:09:01.792573
SKU00006,WH2,265,43,2025-10-16T06:09:01.792582
SKU00006,WH3,161,13,2025-10-16T06:09:01.792589
SKU00007,WH1,387,14,2025-10-16T06:09:01.792657
SKU00007,WH2,126,20,2025-10-16T06:09:01.792665
SKU00007,WH3,444,66,2025-10-16T06:09:01.792671
SKU00008,WH1,520,85,2025-10-16T06:09:01.792734
SKU00008,WH2,309,9,2025-10-16T06:09:01.792742
SKU00008,WH3,186,18,2025-10-16T06:09:01.792748
SKU00009,WH1,81,13,2025-10-16T06:09:01.792803
SKU00009,WH2,527,3,2025-10-16T06:09:01.792815
SKU00009,WH3,115,19,2025-10-16T06:09:01.792823
SKU00010,WH1,502,24,2025-10-16T06:09:01.792879
SKU00010,WH2,273,49,2025-10-16T06:09:01.792886
SKU00010,WH3,422,23,2025-10-16T06:09:01.792892
SKU00011,WH1,494,49,2025-10-16T06:09:01.792944
SKU00011,WH2,381,9,2025-10-16T06:09:01.792951
SKU00011,WH3,18,1,2025-10-16T06:09:01.792957
SKU00012,WH1,356,12,2025-10-16T06:09:01.793013
SKU00012,WH2,522,61,2025-10-16T06:09:01.793022
SKU00012,WH3,209,6,2025-10-16T06:09:01.793028
SKU00013,WH1,536,80,2025-10-16T06:09:01.793082
SKU00013,WH2,413,23,2025-10-16T06:09:01.793089
SKU00013,WH3,231,7,2025-10-16T06:09:01.793095
SKU00014,WH1,343,65,2025-10-16T06:09:01.793143
SKU00014,WH2,514,66,2025-10-16T06:09:01.793150
SKU00014,WH3,406,21,2025-10-16T06:09:01.793156
SKU00015,WH1,245,0,2025-10-16T06:09:01.793205
SKU00015,WH2,468,71,2025-10-16T06:09:01.793212
SKU00015,WH3,5,0,2025-10-16T06:09:01.793217
SKU00016,WH1,388,46,2025-10-16T06:09:01.793266
SKU00016,WH2,5,0,2025-10-16T06:09:01.793273
SKU00016,WH3,483,29,2025-10-16T06:09:01.793279
SKU00017,WH1,580,74,2025-10-16T06:09:01.793328
SKU00017,WH2,254,18,2025-10-16T06:09:01.793334
SKU00017,WH3,209,10,2025-10-16T06:09:01.793340
SKU00018,WH1,280,37,2025-10-16T06:09:01.793412
SKU00018,WH2,494,38,2025-10-16T06:09:01.793418
SKU00018,WH3,61,6,2025-10-16T06:09:01.793426
SKU00019,WH1,397,66,2025-10-16T06:09:01.793474
SKU00019,WH2,224,28,2025-10-16T06:09:01.793480
SKU00019,WH3,365,21,2025-10-16T06:09:01.793486
SKU00020,WH1,64,0,2025-10-16T06:09:01.793534
SKU00020,WH2,593,75,2025-10-16T06:09:01.793541
SKU00020,WH3,516,26,2025-10-16T06:09:01.793547
SKU00021,WH1,426,75,2025-10-16T06:09:01.793594
SKU00021,WH2,179,5,2025-10-16T06:09:01.793601
SKU00021,WH3,459,81,2025-10-16T06:09:01.793607
SKU00022,WH1,483,77,2025-10-16T06:09:01.793652
SKU00022,WH2,360,47,2025-10-16T06:09:01.793657
SKU00022,WH3,408,58,2025-10-16T06:09:01.793667
SKU00023,WH1,393,77,2025-10-16T06:09:01.793711
SKU00023,WH2,155,12,2025-10-16T06:09:01.793717
SKU00023,WH3,232,1,2025-10-16T06:09:01.793723
SKU00024,WH1,424,48,2025-10-16T06:09:01.793770
SKU00024,WH2,113,15,2025-10-16T06:09:01.793776
SKU00024,WH3,133,13,2025-10-16T06:09:01.793781
SKU00025,WH1,470,85,2025-10-16T06:09:01.793827
SKU00025,WH2,403,40,2025-10-16T06:09:01.793833
SKU00025,WH3,507,84,2025-10-16T06:09:01.793838
SKU00026,WH1,525,19,2025-10-16T06:09:01.793885
SKU00026,WH2,58,1,2025-10-16T06:09:01.793891
SKU00026,WH3,155,25,2025-10-16T06:09:01.793901
SKU00027,WH1,457,16,2025-10-16T06:09:01.793951
SKU00027,WH2,407,27,2025-10-16T06:09:01.793957
SKU00027,WH3,53,3,2025-10-16T06:09:01.793962
SKU00028,WH1,446,27,2025-10-16T06:09:01.794014
SKU00028,WH2,472,31,2025-10-16T06:09:01.794020
SKU00028,WH3,156,9,2025-10-16T06:09:01.794026
SKU00029,WH1,510,47,2025-10-16T06:09:01.794072
SKU00029,WH2,519,60,2025-10-16T06:09:01.794078
SKU00029,WH3,566,8,2025-10-16T06:09:01.794083
SKU00030,WH1,533,53,2025-10-16T06:09:01.794126
SKU00030,WH2,520,39,2025-10-16T06:09:01.794132
SKU00030,WH3,179,1,2025-10-16T06:09:01.794160
SKU00031,WH1,512,14,2025-10-16T06:09:01.794209
SKU00031,WH2,120,9,2025-10-16T06:09:01.794215
SKU00031,WH3,341,61,2025-10-16T06:09:01.794220
SKU00032,WH1,274,17,2025-10-16T06:09:01.794266
SKU00032,WH2,429,66,2025-10-16T06:09:01.794272
SKU00032,WH3,292,36,2025-10-16T06:09:01.794277
SKU00033,WH1,106,13,2025-10-16T06:09:01.794320
SKU00033,WH2,2,0,2025-10-16T06:09:01.794327
SKU00033,WH3,456,15,2025-10-16T06:09:01.794332
SKU00034,WH1,458,44,2025-10-16T06:09:01.794379
SKU00034,WH2,458,8,2025-10-16T06:09:01.794385
SKU00034,WH3,368,46,2025-10-16T06:09:01.794391
SKU00035,WH1,242,46,2025-10-16T06:09:01.794436
SKU00035,WH2,229,1,2025-10-16T06:09:01.794442
SKU00035,WH3,119,8,2025-10-16T06:09:01.794448
SKU00036,WH1,8,0,2025-10-16T06:09:01.794491
SKU00036,WH2,499,18,2025-10-16T06:09:01.794497
SKU00036,WH3,406,50,2025-10-16T06:09:01.794503
SKU00037,WH1,149,20,2025-10-16T06:09:01.794546
SKU00037,WH2,206,5,2025-10-16T06:09:01.794557
SKU00037,WH3,230,27,2025-10-16T06:09:01.794562
SKU00038,WH1,100,16,2025-10-16T06:09:01.794609
SKU00038,WH2,178,10,2025-10-16T06:09:01.794615
SKU00038,WH3,436,51,2025-10-16T06:09:01.794621
SKU00039,WH1,202,35,2025-10-16T06:09:01.794665
SKU00039,WH2,597,40,2025-10-16T06:09:01.794671
SKU00039,WH3,540,38,2025-10-16T06:09:01.794676
SKU00040,WH1,113,20,2025-10-16T06:09:01.794722
SKU00040,WH2,550,44,2025-10-16T06:09:01.794728
SKU00040,WH3,137,19,2025-10-16T06:09:01.794735
SKU00041,WH1,78,11,2025-10-16T06:09:01.794777
SKU00041,WH2,353,11,2025-10-16T06:09:01.794782
SKU00041,WH3,219,27,2025-10-16T06:09:01.794787
SKU00042,WH1,22,3,2025-10-16T06:09:01.794830
SKU00042,WH2,153,16,2025-10-16T06:09:01.794836
SKU00042,WH3,29,4,2025-10-16T06:09:01.794841
SKU00043,WH1,397,51,2025-10-16T06:09:01.794887
SKU00043,WH2,11,1,2025-10-16T06:09:01.794892
SKU00043,WH3,250,19,2025-10-16T06:09:01.794897
SKU00044,WH1,328,30,2025-10-16T06:09:01.794942
SKU00044,WH2,91,12,2025-10-16T06:09:01.794948
SKU00044,WH3,378,22,2025-10-16T06:09:01.794953
SKU00045,WH1,396,52,2025-10-16T06:09:01.794996
SKU00045,WH2,161,19,2025-10-16T06:09:01.795002
SKU00045,WH3,82,13,2025-10-16T06:09:01.795008
SKU00046,WH1,62,8,2025-10-16T06:09:01.795050
SKU00046,WH2,70,1,2025-10-16T06:09:01.795055
SKU00046,WH3,63,2,2025-10-16T06:09:01.795061
SKU00047,WH1,119,6,2025-10-16T06:09:01.795104
SKU00047,WH2,313,12,2025-10-16T06:09:01.795110
SKU00047,WH3,422,24,2025-10-16T06:09:01.795115
SKU00048,WH1,23,1,2025-10-16T06:09:01.795158
SKU00048,WH2,124,22,2025-10-16T06:09:01.795164
SKU00048,WH3,198,0,2025-10-16T06:09:01.795169
SKU00049,WH1,402,72,2025-10-16T06:09:01.795210
SKU00049,WH2,501,66,2025-10-16T06:09:01.795216
SKU00049,WH3,89,1,2025-10-16T06:09:01.795221
SKU00050,WH1,307,44,2025-10-16T06:09:01.795265
SKU00050,WH2,60,3,2025-10-16T06:09:01.795270
SKU00050,WH3,138,26,2025-10-16T06:09:01.795280
SKU00051,WH1,177,16,2025-10-16T06:09:01.795322
SKU00051,WH2,59,1,2025-10-16T06:09:01.795327
SKU00051,WH3,23,1,2025-10-16T06:09:01.795332
SKU00052,WH1,480,30,2025-10-16T06:09:01.795374
SKU00052,WH2,443,8,2025-10-16T06:09:01.795381
SKU00052,WH3,454,4,2025-10-16T06:09:01.795386
SKU00053,WH1,511,67,2025-10-16T06:09:01.795431
SKU00053,WH2,102,7,2025-10-16T06:09:01.795437
SKU00053,WH3,262,32,2025-10-16T06:09:01.795442
SKU00054,WH1,527,9,2025-10-16T06:09:01.795484
SKU00054,WH2,488,17,2025-10-16T06:09:01.795490
SKU00054,WH3,240,46,2025-10-16T06:09:01.795495
SKU00055,WH1,163,12,2025-10-16T06:09:01.795536
SKU00055,WH2,510,81,2025-10-16T06:09:01.795542
SKU00055,WH3,389,61,2025-10-16T06:09:01.795547
SKU00056,WH1,67,9,2025-10-16T06:09:01.795591
SKU00056,WH2,35,6,2025-10-16T06:09:01.795597
SKU00056,WH3,95,7,2025-10-16T06:09:01.795602
SKU00057,WH1,354,56,2025-10-16T06:09:01.795643
SKU00057,WH2,407,14,2025-10-16T06:09:01.795649
SKU00057,WH3,227,16,2025-10-16T06:09:01.795654
SKU00058,WH1,17,2,2025-10-16T06:09:01.795697
SKU00058,WH2,503,97,2025-10-16T06:09:01.795702
SKU00058,WH3,78,13,2025-10-16T06:09:01.795710
SKU00059,WH1,67,5,2025-10-16T06:09:01.795752
SKU00059,WH2,27,1,2025-10-16T06:09:01.795758
SKU00059,WH3,188,26,2025-10-16T06:09:01.795763
SKU00060,WH1,406,62,2025-10-16T06:09:01.795804
SKU00060,WH2,345,38,2025-10-16T06:09:01.795810
SKU00060,WH3,586,78,2025-10-16T06:09:01.795815
SKU00061,WH1,202,20,2025-10-16T06:09:01.795857
SKU00061,WH2,420,8,2025-10-16T06:09:01.795863
SKU00061,WH3,397,19,2025-10-16T06:09:01.795868
SKU00062,WH1,207,27,2025-10-16T06:09:01.795909
SKU00062,WH2,230,38,2025-10-16T06:09:01.795915
SKU00062,WH3,335,66,2025-10-16T06:09:01.795920
SKU00063,WH1,32,3,2025-10-16T06:09:01.795962
SKU00063,WH2,94,15,2025-10-16T06:09:01.795968
SKU00063,WH3,511,88,2025-10-16T06:09:01.795973
SKU00064,WH1,44,3,2025-10-16T06:09:01.796014
SKU00064,WH2,144,27,2025-10-16T06:09:01.796019
SKU00064,WH3,30,1,2025-10-16T06:09:01.796024
SKU00065,WH1,385,31,2025-10-16T06:09:01.796065
SKU00065,WH2,140,12,2025-10-16T06:09:01.796072
SKU00065,WH3,480,43,2025-10-16T06:09:01.796078
SKU00066,WH1,513,45,2025-10-16T06:09:01.796118
SKU00066,WH2,71,6,2025-10-16T06:09:01.796124
SKU00066,WH3,392,8,2025-10-16T06:09:01.796129
SKU00067,WH1,247,27,2025-10-16T06:09:01.796185
SKU00067,WH2,0,0,2025-10-16T06:09:01.796191
SKU00067,WH3,362,44,2025-10-16T06:09:01.796196
SKU00068,WH1,182,18,2025-10-16T06:09:01.796242
SKU00068,WH2,124,16,2025-10-16T06:09:01.796248
SKU00068,WH3,570,41,2025-10-16T06:09:01.796253
SKU00069,WH1,32,1,2025-10-16T06:09:01.796294
SKU00069,WH2,272,30,2025-10-16T06:09:01.796299
SKU00069,WH3,371,35,2025-10-16T06:09:01.796304
SKU00070,WH1,394,55,2025-10-16T06:09:01.796345
SKU00070,WH2,68,9,2025-10-16T06:09:01.796351
SKU00070,WH3,133,8,2025-10-16T06:09:01.796356
SKU00071,WH1,497,95,2025-10-16T06:09:01.796399
SKU00071,WH2,175,18,2025-10-16T06:09:01.796405
SKU00071,WH3,421,3,2025-10-16T06:09:01.796410
SKU00072,WH1,98,2,2025-10-16T06:09:01.796452
SKU00072,WH2,430,62,2025-10-16T06:09:01.796457
SKU00072,WH3,64,7,2025-10-16T06:09:01.796462
SKU00073,WH1,112,20,2025-10-16T06:09:01.796504
SKU00073,WH2,235,21,2025-10-16T06:09:01.796510
SKU00073,WH3,468,66,2025-10-16T06:09:01.796515
SKU00074,WH1,64,4,2025-10-16T06:09:01.796557
SKU00074,WH2,555,92,2025-10-16T06:09:01.796566
SKU00074,WH3,353,54,2025-10-16T06:09:01.796571
SKU00075,WH1,270,35,2025-10-16T06:09:01.796614
SKU00075,WH2,573,15,2025-10-16T06:09:01.796619
SKU00075,WH3,299,31,2025-10-16T06:09:01.796625
SKU00076,WH1,29,4,2025-10-16T06:09:01.796667
SKU00076,WH2,503,48,2025-10-16T06:09:01.796673
SKU00076,WH3,304,55,2025-10-16T06:09:01.796678
SKU00077,WH1,106,12,2025-10-16T06:09:01.796719
SKU00077,WH2,438,11,2025-10-16T06:09:01.796724
SKU00077,WH3,232,27,2025-10-16T06:09:01.796729
SKU00078,WH1,529,52,2025-10-16T06:09:01.796771
SKU00078,WH2,230,45,2025-10-16T06:09:01.796777
SKU00078,WH3,549,83,2025-10-16T06:09:01.796787
SKU00079,WH1,164,30,2025-10-16T06:09:01.796832
SKU00079,WH2,582,52,2025-10-16T06:09:01.796838
SKU00079,WH3,80,6,2025-10-16T06:09:01.796843
SKU00080,WH1,420,62,2025-10-16T06:09:01.796886
SKU00080,WH2,179,24,2025-10-16T06:09:01.796891
SKU00080,WH3,516,73,2025-10-16T06:09:01.796896
SKU00081,WH1,561,70,2025-10-16T06:09:01.796943
SKU00081,WH2,120,14,2025-10-16T06:09:01.796949
SKU00081,WH3,174,11,2025-10-16T06:09:01.796954
SKU00082,WH1,403,78,2025-10-16T06:09:01.796997
SKU00082,WH2,390,74,2025-10-16T06:09:01.797002
SKU00082,WH3,302,41,2025-10-16T06:09:01.797007
SKU00083,WH1,193,4,2025-10-16T06:09:01.797048
SKU00083,WH2,211,20,2025-10-16T06:09:01.797055
SKU00083,WH3,342,45,2025-10-16T06:09:01.797061
SKU00084,WH1,250,37,2025-10-16T06:09:01.797101
SKU00084,WH2,504,28,2025-10-16T06:09:01.797107
SKU00084,WH3,508,81,2025-10-16T06:09:01.797112
SKU00085,WH1,313,1,2025-10-16T06:09:01.797153
SKU00085,WH2,87,11,2025-10-16T06:09:01.797158
SKU00085,WH3,119,17,2025-10-16T06:09:01.797163
SKU00086,WH1,96,5,2025-10-16T06:09:01.797204
SKU00086,WH2,150,25,2025-10-16T06:09:01.797210
SKU00086,WH3,414,24,2025-10-16T06:09:01.797215
SKU00087,WH1,452,2,2025-10-16T06:09:01.797256
SKU00087,WH2,488,9,2025-10-16T06:09:01.797261
SKU00087,WH3,520,76,2025-10-16T06:09:01.797266
SKU00088,WH1,518,76,2025-10-16T06:09:01.797307
SKU00088,WH2,336,15,2025-10-16T06:09:01.797313
SKU00088,WH3,470,75,2025-10-16T06:09:01.797318
SKU00089,WH1,172,22,2025-10-16T06:09:01.797358
SKU00089,WH2,555,43,2025-10-16T06:09:01.797364
SKU00089,WH3,574,111,2025-10-16T06:09:01.797369
SKU00090,WH1,187,20,2025-10-16T06:09:01.797409
SKU00090,WH2,7,0,2025-10-16T06:09:01.797414
SKU00090,WH3,372,57,2025-10-16T06:09:01.797424
SKU00091,WH1,522,86,2025-10-16T06:09:01.797467
SKU00091,WH2,546,76,2025-10-16T06:09:01.797473
SKU00091,WH3,388,58,2025-10-16T06:09:01.797478
SKU00092,WH1,327,39,2025-10-16T06:09:01.797518
SKU00092,WH2,465,89,2025-10-16T06:09:01.797523
SKU00092,WH3,176,6,2025-10-16T06:09:01.797529
SKU00093,WH1,409,15,2025-10-16T06:09:01.797570
SKU00093,WH2,104,10,2025-10-16T06:09:01.797575
SKU00093,WH3,226,19,2025-10-16T06:09:01.797581
SKU00094,WH1,333,8,2025-10-16T06:09:01.797625
SKU00094,WH2,350,17,2025-10-16T06:09:01.797631
SKU00094,WH3,198,27,2025-10-16T06:09:01.797636
SKU00095,WH1,92,2,2025-10-16T06:09:01.797679
SKU00095,WH2,193,1,2025-10-16T06:09:01.797685
SKU00095,WH3,559,68,2025-10-16T06:09:01.797690
SKU00096,WH1,397,38,2025-10-16T06:09:01.797735
SKU00096,WH2,343,24,2025-10-16T06:09:01.797740
SKU00096,WH3,470,29,2025-10-16T06:09:01.797745
SKU00097,WH1,131,4,2025-10-16T06:09:01.797786
SKU00097,WH2,40,4,2025-10-16T06:09:01.797792
SKU00097,WH3,249,26,2025-10-16T06:09:01.797797
SKU00098,WH1,55,2,2025-10-16T06:09:01.797837
SKU00098,WH2,128,8,2025-10-16T06:09:01.797843
SKU00098,WH3,216,9,2025-10-16T06:09:01.797848
SKU00099,WH1,451,47,2025-10-16T06:09:01.797888
SKU00099,WH2,597,98,2025-10-16T06:09:01.797893
SKU00099,WH3,588,1,2025-10-16T06:09:01.797898
SKU00100,WH1,401,35,2025-10-16T06:09:01.797939
SKU00100,WH2,542,66,2025-10-16T06:09:01.797944
SKU00100,WH3,372,70,2025-10-16T06:09:01.797950
SKU00101,WH1,409,25,2025-10-16T06:09:01.797990
SKU00101,WH2,549,103,2025-10-16T06:09:01.797996
SKU00101,WH3,231,24,2025-10-16T06:09:01.798001
SKU00102,WH1,169,30,2025-10-16T06:09:01.798047
SKU00102,WH2,493,36,2025-10-16T06:09:01.798053
SKU00102,WH3,481,42,2025-10-16T06:09:01.798058
SKU00103,WH1,26,4,2025-10-16T06:09:01.798100
SKU00103,WH2,115,11,2025-10-16T06:09:01.798106
SKU00103,WH3,568,18,2025-10-16T06:09:01.798111
SKU00104,WH1,573,61,2025-10-16T06:09:01.798155
SKU00104,WH2,4,0,2025-10-16T06:09:01.798175
SKU00104,WH3,402,61,2025-10-16T06:09:01.798180
SKU00105,WH1,518,43,2025-10-16T06:09:01.798224
SKU00105,WH2,62,6,2025-10-16T06:09:01.798230
SKU00105,WH3,421,82,2025-10-16T06:09:01.798236
SKU00106,WH1,465,60,2025-10-16T06:09:01.798276
SKU00106,WH2,563,83,2025-10-16T06:09:01.798282
SKU00106,WH3,92,8,2025-10-16T06:09:01.798287
SKU00107,WH1,199,3,2025-10-16T06:09:01.798327
SKU00107,WH2,32,4,2025-10-16T06:09:01.798333
SKU00107,WH3,334,37,2025-10-16T06:09:01.798338
SKU00108,WH1,136,6,2025-10-16T06:09:01.798378
SKU00108,WH2,232,28,2025-10-16T06:09:01.798384
SKU00108,WH3,259,0,2025-10-16T06:09:01.798389
SKU00109,WH1,403,42,2025-10-16T06:09:01.798430
SKU00109,WH2,384,46,2025-10-16T06:09:01.798436
SKU00109,WH3,453,52,2025-10-16T06:09:01.798442
SKU00110,WH1,420,6,2025-10-16T06:09:01.798481
SKU00110,WH2,556,11,2025-10-16T06:09:01.798487
SKU00110,WH3,472,28,2025-10-16T06:09:01.798497
SKU00111,WH1,51,7,2025-10-16T06:09:01.798538
SKU00111,WH2,262,20,2025-10-16T06:09:01.798544
SKU00111,WH3,396,37,2025-10-16T06:09:01.798549
SKU00112,WH1,320,8,2025-10-16T06:09:01.798592
SKU00112,WH2,234,36,2025-10-16T06:09:01.798598
SKU00112,WH3,327,62,2025-10-16T06:09:01.798603
SKU00113,WH1,86,11,2025-10-16T06:09:01.798643
SKU00113,WH2,548,86,2025-10-16T06:09:01.798649
SKU00113,WH3,437,32,2025-10-16T06:09:01.798654
SKU00114,WH1,569,62,2025-10-16T06:09:01.798694
SKU00114,WH2,333,8,2025-10-16T06:09:01.798700
SKU00114,WH3,3,0,2025-10-16T06:09:01.798705
SKU00115,WH1,322,60,2025-10-16T06:09:01.798745
SKU00115,WH2,182,26,2025-10-16T06:09:01.798751
SKU00115,WH3,542,37,2025-10-16T06:09:01.798756
SKU00116,WH1,247,31,2025-10-16T06:09:01.798796
SKU00116,WH2,307,9,2025-10-16T06:09:01.798802
SKU00116,WH3,132,21,2025-10-16T06:09:01.798807
SKU00117,WH1,116,4,2025-10-16T06:09:01.798854
SKU00117,WH2,479,80,2025-10-16T06:09:01.798860
SKU00117,WH3,510,95,2025-10-16T06:09:01.798865
SKU00118,WH1,596,54,2025-10-16T06:09:01.798905
SKU00118,WH2,329,18,2025-10-16T06:09:01.798911
SKU00118,WH3,40,0,2025-10-16T06:09:01.798918
SKU00119,WH1,435,42,2025-10-16T06:09:01.798965
SKU00119,WH2,198,5,2025-10-16T06:09:01.798971
SKU00119,WH3,393,7,2025-10-16T06:09:01.798976
SKU00120,WH1,371,66,2025-10-16T06:09:01.799016
SKU00120,WH2,190,17,2025-10-16T06:09:01.799022
SKU00120,WH3,369,22,2025-10-16T06:09:01.799027
SKU00121,WH1,350,39,2025-10-16T06:09:01.799068
SKU00121,WH2,218,13,2025-10-16T06:09:01.799073
SKU00121,WH3,256,0,2025-10-16T06:09:01.799079
SKU00122,WH1,147,6,2025-10-16T06:09:01.799120
SKU00122,WH2,443,38,2025-10-16T06:09:01.799126
SKU00122,WH3,504,13,2025-10-16T06:09:01.799131
SKU00123,WH1,439,76,2025-10-16T06:09:01.799172
SKU00123,WH2,277,19,2025-10-16T06:09:01.799178
SKU00123,WH3,183,19,2025-10-16T06:09:01.799183
SKU00124,WH1,105,12,2025-10-16T06:09:01.799222
SKU00124,WH2,505,86,2025-10-16T06:09:01.799227
SKU00124,WH3,84,8,2025-10-16T06:09:01.799232
SKU00125,WH1,157,27,2025-10-16T06:09:01.799272
SKU00125,WH2,45,0,2025-10-16T06:09:01.799278
SKU00125,WH3,11,1,2025-10-16T06:09:01.799283
SKU00126,WH1,18,1,2025-10-16T06:09:01.799320
SKU00126,WH2,243,28,2025-10-16T06:09:01.799326
SKU00126,WH3,543,59,2025-10-16T06:09:01.799331
SKU00127,WH1,326,64,2025-10-16T06:09:01.799369
SKU00127,WH2,283,43,2025-10-16T06:09:01.799374
SKU00127,WH3,219,9,2025-10-16T06:09:01.799383
SKU00128,WH1,463,67,2025-10-16T06:09:01.799421
SKU00128,WH2,174,15,2025-10-16T06:09:01.799427
SKU00128,WH3,306,24,2025-10-16T06:09:01.799432
SKU00129,WH1,301,39,2025-10-16T06:09:01.799471
SKU00129,WH2,508,81,2025-10-16T06:09:01.799477
SKU00129,WH3,368,12,2025-10-16T06:09:01.799482
SKU00130,WH1,308,27,2025-10-16T06:09:01.799520
SKU00130,WH2,107,19,2025-10-16T06:09:01.799525
SKU00130,WH3,395,76,2025-10-16T06:09:01.799530
SKU00131,WH1,441,42,2025-10-16T06:09:01.799569
SKU00131,WH2,215,9,2025-10-16T06:09:01.799575
SKU00131,WH3,292,3,2025-10-16T06:09:01.799580
SKU00132,WH1,221,1,2025-10-16T06:09:01.799618
SKU00132,WH2,124,21,2025-10-16T06:09:01.799623
SKU00132,WH3,216,20,2025-10-16T06:09:01.799628
SKU00133,WH1,272,2,2025-10-16T06:09:01.799670
SKU00133,WH2,588,37,2025-10-16T06:09:01.799675
SKU00133,WH3,422,43,2025-10-16T06:09:01.799680
SKU00134,WH1,497,82,2025-10-16T06:09:01.799718
SKU00134,WH2,157,16,2025-10-16T06:09:01.799724
SKU00134,WH3,104,13,2025-10-16T06:09:01.799731
SKU00135,WH1,219,28,2025-10-16T06:09:01.799770
SKU00135,WH2,501,51,2025-10-16T06:09:01.799775
SKU00135,WH3,225,40,2025-10-16T06:09:01.799781
SKU00136,WH1,309,21,2025-10-16T06:09:01.799821
SKU00136,WH2,520,50,2025-10-16T06:09:01.799826
SKU00136,WH3,289,34,2025-10-16T06:09:01.799831
SKU00137,WH1,301,8,2025-10-16T06:09:01.799870
SKU00137,WH2,99,1,2025-10-16T06:09:01.799876
SKU00137,WH3,386,16,2025-10-16T06:09:01.799881
SKU00138,WH1,112,7,2025-10-16T06:09:01.799923
SKU00138,WH2,430,10,2025-10-16T06:09:01.799929
SKU00138,WH3,138,21,2025-10-16T06:09:01.799934
SKU00139,WH1,432,41,2025-10-16T06:09:01.799972
SKU00139,WH2,287,12,2025-10-16T06:09:01.799978
SKU00139,WH3,96,15,2025-10-16T06:09:01.799982
SKU00140,WH1,13,0,2025-10-16T06:09:01.800020
SKU00140,WH2,344,10,2025-10-16T06:09:01.800026
SKU00140,WH3,377,2,2025-10-16T06:09:01.800031
SKU00141,WH1,343,3,2025-10-16T06:09:01.800068
SKU00141,WH2,154,5,2025-10-16T06:09:01.800074
SKU00141,WH3,574,68,2025-10-16T06:09:01.800078
SKU00142,WH1,338,1,2025-10-16T06:09:01.800116
SKU00142,WH2,431,56,2025-10-16T06:09:01.800122
SKU00142,WH3,170,2,2025-10-16T06:09:01.800127
SKU00143,WH1,269,52,2025-10-16T06:09:01.800182
SKU00143,WH2,520,17,2025-10-16T06:09:01.800189
SKU00143,WH3,498,59,2025-10-16T06:09:01.800194
SKU00144,WH1,476,77,2025-10-16T06:09:01.800240
SKU00144,WH2,109,13,2025-10-16T06:09:01.800246
SKU00144,WH3,158,22,2025-10-16T06:09:01.800253
SKU00145,WH1,205,18,2025-10-16T06:09:01.800292
SKU00145,WH2,354,16,2025-10-16T06:09:01.800298
SKU00145,WH3,231,4,2025-10-16T06:09:01.800303
SKU00146,WH1,121,20,2025-10-16T06:09:01.800341
SKU00146,WH2,302,25,2025-10-16T06:09:01.800347
SKU00146,WH3,89,1,2025-10-16T06:09:01.800352
SKU00147,WH1,285,35,2025-10-16T06:09:01.800389
SKU00147,WH2,23,3,2025-10-16T06:09:01.800395
SKU00147,WH3,301,7,2025-10-16T06:09:01.800400
SKU00148,WH1,289,7,2025-10-16T06:09:01.800439
SKU00148,WH2,362,59,2025-10-16T06:09:01.800444
SKU00148,WH3,538,82,2025-10-16T06:09:01.800449
SKU00149,WH1,389,40,2025-10-16T06:09:01.800488
SKU00149,WH2,222,1,2025-10-16T06:09:01.800493
SKU00149,WH3,317,14,2025-10-16T06:09:01.800498
SKU00150,WH1,481,75,2025-10-16T06:09:01.800535
SKU00150,WH2,228,26,2025-10-16T06:09:01.800543
SKU00150,WH3,444,67,2025-10-16T06:09:01.800548
SKU00151,WH1,418,8,2025-10-16T06:09:01.800585
SKU00151,WH2,80,7,2025-10-16T06:09:01.800591
SKU00151,WH3,139,23,2025-10-16T06:09:01.800596
SKU00152,WH1,169,28,2025-10-16T06:09:01.800634
SKU00152,WH2,245,9,2025-10-16T06:09:01.800639
SKU00152,WH3,425,67,2025-10-16T06:09:01.800644
SKU00153,WH1,346,8,2025-10-16T06:09:01.800682
SKU00153,WH2,4,0,2025-10-16T06:09:01.800691
SKU00153,WH3,412,25,2025-10-16T06:09:01.800696
SKU00154,WH1,217,6,2025-10-16T06:09:01.800734
SKU00154,WH2,390,19,2025-10-16T06:09:01.800739
SKU00154,WH3,512,43,2025-10-16T06:09:01.800744
SKU00155,WH1,219,11,2025-10-16T06:09:01.800785
SKU00155,WH2,408,61,2025-10-16T06:09:01.800791
SKU00155,WH3,247,38,2025-10-16T06:09:01.800796
SKU00156,WH1,289,21,2025-10-16T06:09:01.800835
SKU00156,WH2,332,16,2025-10-16T06:09:01.800841
SKU00156,WH3,183,12,2025-10-16T06:09:01.800846
SKU00157,WH1,423,61,2025-10-16T06:09:01.800884
SKU00157,WH2,512,67,2025-10-16T06:09:01.800890
SKU00157,WH3,448,39,2025-10-16T06:09:01.800895
SKU00158,WH1,419,13,2025-10-16T06:09:01.800935
SKU00158,WH2,128,10,2025-10-16T06:09:01.800941
SKU00158,WH3,203,22,2025-10-16T06:09:01.800946
SKU00159,WH1,418,58,2025-10-16T06:09:01.800989
SKU00159,WH2,96,18,2025-10-16T06:09:01.800995
SKU00159,WH3,3,0,2025-10-16T06:09:01.801000
SKU00160,WH1,87,15,2025-10-16T06:09:01.801039
SKU00160,WH2,261,3,2025-10-16T06:09:01.801044
SKU00160,WH3,133,2,2025-10-16T06:09:01.801049
SKU00161,WH1,22,1,2025-10-16T06:09:01.801087
SKU00161,WH2,590,72,2025-10-16T06:09:01.801092
SKU00161,WH3,312,44,2025-10-16T06:09:01.801097
SKU00162,WH1,358,67,2025-10-16T06:09:01.801139
SKU00162,WH2,492,62,2025-10-16T06:09:01.801145
SKU00162,WH3,263,10,2025-10-16T06:09:01.801150
SKU00163,WH1,394,62,2025-10-16T06:09:01.801188
SKU00163,WH2,171,1,2025-10-16T06:09:01.801194
SKU00163,WH3,359,36,2025-10-16T06:09:01.801199
SKU00164,WH1,139,4,2025-10-16T06:09:01.801239
SKU00164,WH2,21,0,2025-10-16T06:09:01.801244
SKU00164,WH3,0,0,2025-10-16T06:09:01.801249
SKU00165,WH1,598,92,2025-10-16T06:09:01.801291
SKU00165,WH2,211,16,2025-10-16T06:09:01.801296
SKU00165,WH3,351,36,2025-10-16T06:09:01.801301
SKU00166,WH1,442,6,2025-10-16T06:09:01.801340
SKU00166,WH2,54,2,2025-10-16T06:09:01.801345
SKU00166,WH3,497,90,2025-10-16T06:09:01.801350
SKU00167,WH1,208,39,2025-10-16T06:09:01.801390
SKU00167,WH2,165,20,2025-10-16T06:09:01.801395
SKU00167,WH3,116,21,2025-10-16T06:09:01.801400
SKU00168,WH1,344,17,2025-10-16T06:09:01.801439
SKU00168,WH2,244,5,2025-10-16T06:09:01.801446
SKU00168,WH3,43,2,2025-10-16T06:09:01.801450
SKU00169,WH1,568,90,2025-10-16T06:09:01.801488
SKU00169,WH2,574,99,2025-10-16T06:09:01.801494
SKU00169,WH3,487,55,2025-10-16T06:09:01.801504
SKU00170,WH1,416,80,2025-10-16T06:09:01.801544
SKU00170,WH2,337,51,2025-10-16T06:09:01.801551
SKU00170,WH3,454,86,2025-10-16T06:09:01.801556
SKU00171,WH1,275,25,2025-10-16T06:09:01.801594
SKU00171,WH2,352,1,2025-10-16T06:09:01.801599
SKU00171,WH3,69,0,2025-10-16T06:09:01.801604
SKU00172,WH1,380,75,2025-10-16T06:09:01.801642
SKU00172,WH2,406,18,2025-10-16T06:09:01.801648
SKU00172,WH3,189,35,2025-10-16T06:09:01.801653
SKU00173,WH1,309,0,2025-10-16T06:09:01.801690
SKU00173,WH2,499,24,2025-10-16T06:09:01.801696
SKU00173,WH3,55,7,2025-10-16T06:09:01.801701
SKU00174,WH1,492,7,2025-10-16T06:09:01.801738
SKU00174,WH2,558,52,2025-10-16T06:09:01.801743
SKU00174,WH3,212,37,2025-10-16T06:09:01.801752
SKU00175,WH1,161,30,2025-10-16T06:09:01.801791
SKU00175,WH2,409,73,2025-10-16T06:09:01.801796
SKU00175,WH3,299,11,2025-10-16T06:09:01.801801
SKU00176,WH1,441,76,2025-10-16T06:09:01.801844
SKU00176,WH2,124,4,2025-10-16T06:09:01.801849
SKU00176,WH3,149,17,2025-10-16T06:09:01.801854
SKU00177,WH1,93,1,2025-10-16T06:09:01.801893
SKU00177,WH2,552,74,2025-10-16T06:09:01.801898
SKU00177,WH3,398,48,2025-10-16T06:09:01.801903
SKU00178,WH1,458,49,2025-10-16T06:09:01.802004
SKU00178,WH2,25,2,2025-10-16T06:09:01.802011
SKU00178,WH3,372,36,2025-10-16T06:09:01.802019
SKU00179,WH1,591,105,2025-10-16T06:09:01.802061
SKU00179,WH2,521,51,2025-10-16T06:09:01.802067
SKU00179,WH3,590,108,2025-10-16T06:09:01.802073
SKU00180,WH1,168,7,2025-10-16T06:09:01.802117
SKU00180,WH2,345,3,2025-10-16T06:09:01.802123
SKU00180,WH3,479,45,2025-10-16T06:09:01.802128
SKU00181,WH1,324,32,2025-10-16T06:09:01.802178
SKU00181,WH2,236,32,2025-10-16T06:09:01.802184
SKU00181,WH3,104,19,2025-10-16T06:09:01.802190
SKU00182,WH1,418,38,2025-10-16T06:09:01.802234
SKU00182,WH2,413,0,2025-10-16T06:09:01.802241
SKU00182,WH3,126,14,2025-10-16T06:09:01.802246
SKU00183,WH1,195,23,2025-10-16T06:09:01.802290
SKU00183,WH2,155,17,2025-10-16T06:09:01.802295
SKU00183,WH3,142,13,2025-10-16T06:09:01.802301
SKU00184,WH1,367,26,2025-10-16T06:09:01.802344
SKU00184,WH2,299,12,2025-10-16T06:09:01.802350
SKU00184,WH3,420,31,2025-10-16T06:09:01.802356
SKU00185,WH1,512,28,2025-10-16T06:09:01.802400
SKU00185,WH2,107,2,2025-10-16T06:09:01.802405
SKU00185,WH3,345,15,2025-10-16T06:09:01.802410
SKU00186,WH1,59,2,2025-10-16T06:09:01.802462
SKU00186,WH2,141,12,2025-10-16T06:09:01.802468
SKU00186,WH3,228,6,2025-10-16T06:09:01.802473
SKU00187,WH1,575,17,2025-10-16T06:09:01.802519
SKU00187,WH2,483,16,2025-10-16T06:09:01.802526
SKU00187,WH3,299,58,2025-10-16T06:09:01.802531
SKU00188,WH1,509,52,2025-10-16T06:09:01.802576
SKU00188,WH2,432,67,2025-10-16T06:09:01.802581
SKU00188,WH3,180,20,2025-10-16T06:09:01.802586
SKU00189,WH1,340,27,2025-10-16T06:09:01.802626
SKU00189,WH2,414,4,2025-10-16T06:09:01.802632
SKU00189,WH3,488,46,2025-10-16T06:09:01.802637
SKU00190,WH1,377,33,2025-10-16T06:09:01.802676
SKU00190,WH2,200,14,2025-10-16T06:09:01.802681
SKU00190,WH3,336,62,2025-10-16T06:09:01.802686
SKU00191,WH1,154,0,2025-10-16T06:09:01.802726
SKU00191,WH2,72,12,2025-10-16T06:09:01.802732
SKU00191,WH3,577,22,2025-10-16T06:09:01.802738
SKU00192,WH1,345,44,2025-10-16T06:09:01.802780
SKU00192,WH2,104,15,2025-10-16T06:09:01.802786
SKU00192,WH3,213,28,2025-10-16T06:09:01.802792
SKU00193,WH1,292,42,2025-10-16T06:09:01.802836
SKU00193,WH2,533,40,2025-10-16T06:09:01.802842
SKU00193,WH3,171,21,2025-10-16T06:09:01.802848
SKU00194,WH1,86,2,2025-10-16T06:09:01.802892
SKU00194,WH2,484,32,2025-10-16T06:09:01.802898
SKU00194,WH3,378,42,2025-10-16T06:09:01.802903
SKU00195,WH1,509,7,2025-10-16T06:09:01.802944
SKU00195,WH2,97,4,2025-10-16T06:09:01.802950
SKU00195,WH3,190,11,2025-10-16T06:09:01.802961
SKU00196,WH1,160,20,2025-10-16T06:09:01.803008
SKU00196,WH2,162,14,2025-10-16T06:09:01.803014
SKU00196,WH3,517,37,2025-10-16T06:09:01.803020
SKU00197,WH1,352,67,2025-10-16T06:09:01.803072
SKU00197,WH2,248,9,2025-10-16T06:09:01.803079
SKU00197,WH3,13,1,2025-10-16T06:09:01.803084
SKU00198,WH1,397,74,2025-10-16T06:09:01.803128
SKU00198,WH2,420,6,2025-10-16T06:09:01.803134
SKU00198,WH3,100,2,2025-10-16T06:09:01.803144
SKU00199,WH1,38,6,2025-10-16T06:09:01.803186
SKU00199,WH2,329,1,2025-10-16T06:09:01.803192
SKU00199,WH3,238,35,2025-10-16T06:09:01.803197
SKU00200,WH1,49,2,2025-10-16T06:09:01.803238
SKU00200,WH2,93,11,2025-10-16T06:09:01.803244
SKU00200,WH3,531,32,2025-10-16T06:09:01.803249
SKU00201,WH1,148,8,2025-10-16T06:09:01.803289
SKU00201,WH2,375,9,2025-10-16T06:09:01.803295
SKU00201,WH3,503,2,2025-10-16T06:09:01.803300
SKU00202,WH1,398,67,2025-10-16T06:09:01.803386
SKU00202,WH2,195,18,2025-10-16T06:09:01.803392
SKU00202,WH3,584,62,2025-10-16T06:09:01.803397
SKU00203,WH1,163,14,2025-10-16T06:09:01.803443
SKU00203,WH2,581,80,2025-10-16T06:09:01.803451
SKU00203,WH3,106,12,2025-10-16T06:09:01.803456
SKU00204,WH1,378,47,2025-10-16T06:09:01.803497
SKU00204,WH2,338,35,2025-10-16T06:09:01.803502
SKU00204,WH3,383,23,2025-10-16T06:09:01.803508
SKU00205,WH1,208,22,2025-10-16T06:09:01.803549
SKU00205,WH2,482,42,2025-10-16T06:09:01.803554
SKU00205,WH3,219,11,2025-10-16T06:09:01.803560
SKU00206,WH1,182,0,2025-10-16T06:09:01.803599
SKU00206,WH2,489,82,2025-10-16T06:09:01.803605
SKU00206,WH3,206,19,2025-10-16T06:09:01.803610
SKU00207,WH1,4,0,2025-10-16T06:09:01.803651
SKU00207,WH2,568,53,2025-10-16T06:09:01.803658
SKU00207,WH3,5,0,2025-10-16T06:09:01.803663
SKU00208,WH1,175,8,2025-10-16T06:09:01.803711
SKU00208,WH2,4,0,2025-10-16T06:09:01.803716
SKU00208,WH3,247,27,2025-10-16T06:09:01.803722
SKU00209,WH1,236,7,2025-10-16T06:09:01.803768
SKU00209,WH2,442,34,2025-10-16T06:09:01.803774
SKU00209,WH3,227,11,2025-10-16T06:09:01.803779
SKU00210,WH1,253,11,2025-10-16T06:09:01.803824
SKU00210,WH2,458,82,2025-10-16T06:09:01.803829
SKU00210,WH3,484,65,2025-10-16T06:09:01.803835
SKU00211,WH1,170,25,2025-10-16T06:09:01.803879
SKU00211,WH2,485,40,2025-10-16T06:09:01.803885
SKU00211,WH3,512,18,2025-10-16T06:09:01.803890
SKU00212,WH1,173,21,2025-10-16T06:09:01.803956
SKU00212,WH2,370,20,2025-10-16T06:09:01.803962
SKU00212,WH3,373,13,2025-10-16T06:09:01.803971
SKU00213,WH1,11,0,2025-10-16T06:09:01.804016
SKU00213,WH2,320,11,2025-10-16T06:09:01.804022
SKU00213,WH3,61,3,2025-10-16T06:09:01.804027
SKU00214,WH1,429,61,2025-10-16T06:09:01.804070
SKU00214,WH2,139,4,2025-10-16T06:09:01.804076
SKU00214,WH3,296,20,2025-10-16T06:09:01.804081
SKU00215,WH1,186,29,2025-10-16T06:09:01.804123
SKU00215,WH2,598,55,2025-10-16T06:09:01.804128
SKU00215,WH3,474,31,2025-10-16T06:09:01.804133
SKU00216,WH1,506,96,2025-10-16T06:09:01.804173
SKU00216,WH2,33,4,2025-10-16T06:09:01.804179
SKU00216,WH3,42,3,2025-10-16T06:09:01.804184
SKU00217,WH1,115,19,2025-10-16T06:09:01.804226
SKU00217,WH2,490,81,2025-10-16T06:09:01.804231
SKU00217,WH3,73,10,2025-10-16T06:09:01.804236
SKU00218,WH1,149,22,2025-10-16T06:09:01.804289
SKU00218,WH2,265,39,2025-10-16T06:09:01.804295
SKU00218,WH3,20,1,2025-10-16T06:09:01.804301
SKU00219,WH1,462,47,2025-10-16T06:09:01.804342
SKU00219,WH2,589,55,2025-10-16T06:09:01.804348
SKU00219,WH3,408,25,2025-10-16T06:09:01.804353
SKU00220,WH1,193,23,2025-10-16T06:09:01.804392
SKU00220,WH2,25,4,2025-10-16T06:09:01.804398
SKU00220,WH3,312,15,2025-10-16T06:09:01.804403
SKU00221,WH1,383,15,2025-10-16T06:09:01.804443
SKU00221,WH2,532,91,2025-10-16T06:09:01.804449
SKU00221,WH3,130,2,2025-10-16T06:09:01.804454
SKU00222,WH1,379,24,2025-10-16T06:09:01.804495
SKU00222,WH2,100,5,2025-10-16T06:09:01.804501
SKU00222,WH3,71,11,2025-10-16T06:09:01.804506
SKU00223,WH1,5,0,2025-10-16T06:09:01.804556
SKU00223,WH2,470,44,2025-10-16T06:09:01.804562
SKU00223,WH3,357,26,2025-10-16T06:09:01.804567
SKU00224,WH1,53,1,2025-10-16T06:09:01.804613
SKU00224,WH2,54,6,2025-10-16T06:09:01.804619
SKU00224,WH3,558,110,2025-10-16T06:09:01.804624
SKU00225,WH1,375,4,2025-10-16T06:09:01.804670
SKU00225,WH2,386,54,2025-10-16T06:09:01.804678
SKU00225,WH3,474,11,2025-10-16T06:09:01.804684
SKU00226,WH1,139,26,2025-10-16T06:09:01.804730
SKU00226,WH2,473,71,2025-10-16T06:09:01.804736
SKU00226,WH3,483,42,2025-10-16T06:09:01.804742
SKU00227,WH1,115,15,2025-10-16T06:09:01.804787
SKU00227,WH2,214,5,2025-10-16T06:09:01.804795
SKU00227,WH3,539,51,2025-10-16T06:09:01.804800
SKU00228,WH1,262,15,2025-10-16T06:09:01.805072
SKU00228,WH2,418,15,2025-10-16T06:09:01.805089
SKU00228,WH3,111,7,2025-10-16T06:09:01.805096
SKU00229,WH1,439,23,2025-10-16T06:09:01.805206
SKU00229,WH2,498,90,2025-10-16T06:09:01.805214
SKU00229,WH3,332,4,2025-10-16T06:09:01.805220
SKU00230,WH1,93,5,2025-10-16T06:09:01.805281
SKU00230,WH2,158,11,2025-10-16T06:09:01.805288
SKU00230,WH3,0,0,2025-10-16T06:09:01.805293
SKU00231,WH1,227,8,2025-10-16T06:09:01.805342
SKU00231,WH2,11,1,2025-10-16T06:09:01.805348
SKU00231,WH3,465,22,2025-10-16T06:09:01.805354
SKU00232,WH1,432,56,2025-10-16T06:09:01.805397
SKU00232,WH2,323,24,2025-10-16T06:09:01.805403
SKU00232,WH3,314,30,2025-10-16T06:09:01.805408
SKU00233,WH1,330,40,2025-10-16T06:09:01.805455
SKU00233,WH2,193,24,2025-10-16T06:09:01.805463
SKU00233,WH3,66,6,2025-10-16T06:09:01.805470
SKU00234,WH1,40,6,2025-10-16T06:09:01.805876
SKU00234,WH2,77,13,2025-10-16T06:09:01.805894
SKU00234,WH3,121,11,2025-10-16T06:09:01.805903
SKU00235,WH1,59,6,2025-10-16T06:09:01.806002
SKU00235,WH2,501,65,2025-10-16T06:09:01.806012
SKU00235,WH3,315,44,2025-10-16T06:09:01.806022
SKU00236,WH1,153,10,2025-10-16T06:09:01.806097
SKU00236,WH2,363,5,2025-10-16T06:09:01.806106
SKU00236,WH3,558,23,2025-10-16T06:09:01.806114
SKU00237,WH1,294,51,2025-10-16T06:09:01.806178
SKU00237,WH2,47,7,2025-10-16T06:09:01.806186
SKU00237,WH3,36,3,2025-10-16T06:09:01.806192
SKU00238,WH1,562,46,2025-10-16T06:09:01.806254
SKU00238,WH2,221,31,2025-10-16T06:09:01.806262
SKU00238,WH3,494,26,2025-10-16T06:09:01.806269
SKU00239,WH1,24,0,2025-10-16T06:09:01.806354
SKU00239,WH2,182,34,2025-10-16T06:09:01.806362
SKU00239,WH3,576,11,2025-10-16T06:09:01.806369
SKU00240,WH1,435,46,2025-10-16T06:09:01.806436
SKU00240,WH2,113,11,2025-10-16T06:09:01.806446
SKU00240,WH3,149,18,2025-10-16T06:09:01.806452
SKU00241,WH1,107,15,2025-10-16T06:09:01.806519
SKU00241,WH2,249,5,2025-10-16T06:09:01.806527
SKU00241,WH3,383,27,2025-10-16T06:09:01.806534
SKU00242,WH1,275,36,2025-10-16T06:09:01.806592
SKU00242,WH2,529,17,2025-10-16T06:09:01.806601
SKU00242,WH3,108,8,2025-10-16T06:09:01.806607
SKU00243,WH1,202,6,2025-10-16T06:09:01.806668
SKU00243,WH2,599,52,2025-10-16T06:09:01.806676
SKU00243,WH3,211,13,2025-10-16T06:09:01.806683
SKU00244,WH1,594,38,2025-10-16T06:09:01.806751
SKU00244,WH2,223,33,2025-10-16T06:09:01.806759
SKU00244,WH3,258,37,2025-10-16T06:09:01.806765
SKU00245,WH1,365,41,2025-10-16T06:09:01.806821
SKU00245,WH2,128,19,2025-10-16T06:09:01.806829
SKU00245,WH3,555,28,2025-10-16T06:09:01.806835
SKU00246,WH1,576,51,2025-10-16T06:09:01.806894
SKU00246,WH2,238,34,2025-10-16T06:09:01.806903
SKU00246,WH3,589,69,2025-10-16T06:09:01.806918
SKU00247,WH1,310,61,2025-10-16T06:09:01.806983
SKU00247,WH2,181,10,2025-10-16T06:09:01.806990
SKU00247,WH3,133,22,2025-10-16T06:09:01.806996
SKU00248,WH1,13,1,2025-10-16T06:09:01.807058
SKU00248,WH2,413,22,2025-10-16T06:09:01.807065
SKU00248,WH3,332,36,2025-10-16T06:09:01.807071
SKU00249,WH1,555,17,2025-10-16T06:09:01.807128
SKU00249,WH2,22,1,2025-10-16T06:09:01.807136
SKU00249,WH3,83,5,2025-10-16T06:09:01.807143
SKU00250,WH1,349,16,2025-10-16T06:09:01.807208
SKU00250,WH2,486,8,2025-10-16T06:09:01.807217
SKU00250,WH3,239,43,2025-10-16T06:09:01.807223
SKU00251,WH1,440,63,2025-10-16T06:09:01.807278
SKU00251,WH2,475,16,2025-10-16T06:09:01.807285
SKU00251,WH3,495,68,2025-10-16T06:09:01.807291
SKU00252,WH1,345,62,2025-10-16T06:09:01.807344
SKU00252,WH2,357,21,2025-10-16T06:09:01.807350
SKU00252,WH3,438,50,2025-10-16T06:09:01.807356
SKU00253,WH1,47,0,2025-10-16T06:09:01.807407
SKU00253,WH2,462,32,2025-10-16T06:09:01.807414
SKU00253,WH3,490,40,2025-10-16T06:09:01.807532
SKU00254,WH1,520,90,2025-10-16T06:09:01.807624
SKU00254,WH2,136,17,2025-10-16T06:09:01.807632
SKU00254,WH3,361,0,2025-10-16T06:09:01.807647
SKU00255,WH1,466,35,2025-10-16T06:09:01.807704
SKU00255,WH2,182,1,2025-10-16T06:09:01.807710
SKU00255,WH3,323,9,2025-10-16T06:09:01.807716
SKU00256,WH1,301,13,2025-10-16T06:09:01.807766
SKU00256,WH2,30,4,2025-10-16T06:09:01.807773
SKU00256,WH3,235,20,2025-10-16T06:09:01.807779
SKU00257,WH1,357,35,2025-10-16T06:09:01.807829
SKU00257,WH2,133,7,2025-10-16T06:09:01.807836
SKU00257,WH3,236,6,2025-10-16T06:09:01.807842
SKU00258,WH1,49,5,2025-10-16T06:09:01.807894
SKU00258,WH2,29,1,2025-10-16T06:09:01.807901
SKU00258,WH3,51,5,2025-10-16T06:09:01.807907
SKU00259,WH1,464,11,2025-10-16T06:09:01.807957
SKU00259,WH2,80,8,2025-10-16T06:09:01.807965
SKU00259,WH3,292,37,2025-10-16T06:09:01.807971
SKU00260,WH1,117,14,2025-10-16T06:09:01.808039
SKU00260,WH2,441,21,2025-10-16T06:09:01.808046
SKU00260,WH3,42,6,2025-10-16T06:09:01.808052
SKU00261,WH1,194,35,2025-10-16T06:09:01.808107
SKU00261,WH2,53,6,2025-10-16T06:09:01.808114
SKU00261,WH3,254,17,2025-10-16T06:09:01.808121
SKU00262,WH1,192,22,2025-10-16T06:09:01.808173
SKU00262,WH2,14,0,2025-10-16T06:09:01.808181
SKU00262,WH3,592,72,2025-10-16T06:09:01.808186
SKU00263,WH1,594,52,2025-10-16T06:09:01.808237
SKU00263,WH2,87,0,2025-10-16T06:09:01.808244
SKU00263,WH3,490,19,2025-10-16T06:09:01.808255
SKU00264,WH1,224,33,2025-10-16T06:09:01.808305
SKU00264,WH2,511,11,2025-10-16T06:09:01.808313
SKU00264,WH3,32,5,2025-10-16T06:09:01.808319
SKU00265,WH1,556,96,2025-10-16T06:09:01.808367
SKU00265,WH2,492,1,2025-10-16T06:09:01.808373
SKU00265,WH3,416,9,2025-10-16T06:09:01.808379
SKU00266,WH1,270,1,2025-10-16T06:09:01.808433
SKU00266,WH2,125,13,2025-10-16T06:09:01.808441
SKU00266,WH3,122,12,2025-10-16T06:09:01.808447
SKU00267,WH1,155,14,2025-10-16T06:09:01.808655
SKU00267,WH2,437,12,2025-10-16T06:09:01.808663
SKU00267,WH3,419,1,2025-10-16T06:09:01.808669
SKU00268,WH1,349,45,2025-10-16T06:09:01.808729
SKU00268,WH2,26,0,2025-10-16T06:09:01.808735
SKU00268,WH3,170,26,2025-10-16T06:09:01.808741
SKU00269,WH1,370,3,2025-10-16T06:09:01.808794
SKU00269,WH2,392,0,2025-10-16T06:09:01.808801
SKU00269,WH3,233,12,2025-10-16T06:09:01.808808
SKU00270,WH1,511,67,2025-10-16T06:09:01.808855
SKU00270,WH2,518,1,2025-10-16T06:09:01.808863
SKU00270,WH3,520,67,2025-10-16T06:09:01.808869
SKU00271,WH1,138,10,2025-10-16T06:09:01.808929
SKU00271,WH2,585,11,2025-10-16T06:09:01.808936
SKU00271,WH3,189,32,2025-10-16T06:09:01.808942
SKU00272,WH1,318,11,2025-10-16T06:09:01.808997
SKU00272,WH2,300,27,2025-10-16T06:09:01.809004
SKU00272,WH3,555,2,2025-10-16T06:09:01.809010
SKU00273,WH1,148,15,2025-10-16T06:09:01.809582
SKU00273,WH2,200,15,2025-10-16T06:09:01.809602
SKU00273,WH3,94,6,2025-10-16T06:09:01.809611
SKU00274,WH1,211,26,2025-10-16T06:09:01.809726
SKU00274,WH2,141,27,2025-10-16T06:09:01.809733
SKU00274,WH3,300,48,2025-10-16T06:09:01.809740
SKU00275,WH1,375,65,2025-10-16T06:09:01.809801
SKU00275,WH2,534,86,2025-10-16T06:09:01.809809
SKU00275,WH3,17,1,2025-10-16T06:09:01.809815
SKU00276,WH1,168,5,2025-10-16T06:09:01.809870
SKU00276,WH2,538,70,2025-10-16T06:09:01.809878
SKU00276,WH3,52,3,2025-10-16T06:09:01.809884
SKU00277,WH1,576,70,2025-10-16T06:09:01.809936
SKU00277,WH2,375,17,2025-10-16T06:09:01.809944
SKU00277,WH3,144,4,2025-10-16T06:09:01.809950
SKU00278,WH1,582,105,2025-10-16T06:09:01.809998
SKU00278,WH2,197,21,2025-10-16T06:09:01.810004
SKU00278,WH3,124,3,2025-10-16T06:09:01.810010
SKU00279,WH1,324,51,2025-10-16T06:09:01.810061
SKU00279,WH2,517,31,2025-10-16T06:09:01.810068
SKU00279,WH3,423,43,2025-10-16T06:09:01.810073
SKU00280,WH1,81,15,2025-10-16T06:09:01.810124
SKU00280,WH2,585,16,2025-10-16T06:09:01.810130
SKU00280,WH3,559,101,2025-10-16T06:09:01.810163
SKU00281,WH1,190,21,2025-10-16T06:09:01.810215
SKU00281,WH2,569,13,2025-10-16T06:09:01.810221
SKU00281,WH3,190,33,2025-10-16T06:09:01.810227
SKU00282,WH1,436,66,2025-10-16T06:09:01.810284
SKU00282,WH2,528,43,2025-10-16T06:09:01.810291
SKU00282,WH3,246,21,2025-10-16T06:09:01.810297
SKU00283,WH1,560,100,2025-10-16T06:09:01.810346
SKU00283,WH2,559,30,2025-10-16T06:09:01.810352
SKU00283,WH3,467,9,2025-10-16T06:09:01.810357
SKU00284,WH1,110,16,2025-10-16T06:09:01.810402
SKU00284,WH2,367,19,2025-10-16T06:09:01.810409
SKU00284,WH3,340,15,2025-10-16T06:09:01.810414
SKU00285,WH1,139,18,2025-10-16T06:09:01.810459
SKU00285,WH2,215,29,2025-10-16T06:09:01.810465
SKU00285,WH3,285,28,2025-10-16T06:09:01.810470
SKU00286,WH1,362,51,2025-10-16T06:09:01.810517
SKU00286,WH2,224,37,2025-10-16T06:09:01.810523
SKU00286,WH3,294,7,2025-10-16T06:09:01.810529
SKU00287,WH1,115,0,2025-10-16T06:09:01.810616
SKU00287,WH2,458,1,2025-10-16T06:09:01.810622
SKU00287,WH3,161,13,2025-10-16T06:09:01.810628
SKU00288,WH1,445,87,2025-10-16T06:09:01.810699
SKU00288,WH2,454,5,2025-10-16T06:09:01.810705
SKU00288,WH3,556,109,2025-10-16T06:09:01.810710
SKU00289,WH1,520,50,2025-10-16T06:09:01.810756
SKU00289,WH2,194,17,2025-10-16T06:09:01.810762
SKU00289,WH3,148,11,2025-10-16T06:09:01.810768
SKU00290,WH1,25,3,2025-10-16T06:09:01.810812
SKU00290,WH2,228,14,2025-10-16T06:09:01.810818
SKU00290,WH3,366,54,2025-10-16T06:09:01.810824
SKU00291,WH1,356,37,2025-10-16T06:09:01.810868
SKU00291,WH2,525,82,2025-10-16T06:09:01.810874
SKU00291,WH3,312,27,2025-10-16T06:09:01.810879
SKU00292,WH1,496,4,2025-10-16T06:09:01.810928
SKU00292,WH2,597,61,2025-10-16T06:09:01.810936
SKU00292,WH3,237,34,2025-10-16T06:09:01.810944
SKU00293,WH1,334,34,2025-10-16T06:09:01.810992
SKU00293,WH2,378,3,2025-10-16T06:09:01.810998
SKU00293,WH3,174,13,2025-10-16T06:09:01.811004
SKU00294,WH1,182,29,2025-10-16T06:09:01.811051
SKU00294,WH2,276,23,2025-10-16T06:09:01.811056
SKU00294,WH3,367,3,2025-10-16T06:09:01.811062
SKU00295,WH1,310,8,2025-10-16T06:09:01.811108
SKU00295,WH2,497,44,2025-10-16T06:09:01.811114
SKU00295,WH3,433,9,2025-10-16T06:09:01.811120
SKU00296,WH1,467,87,2025-10-16T06:09:01.811167
SKU00296,WH2,417,11,2025-10-16T06:09:01.811173
SKU00296,WH3,248,22,2025-10-16T06:09:01.811179
SKU00297,WH1,107,12,2025-10-16T06:09:01.811227
SKU00297,WH2,427,17,2025-10-16T06:09:01.811233
SKU00297,WH3,272,13,2025-10-16T06:09:01.811238
SKU00298,WH1,415,75,2025-10-16T06:09:01.811291
SKU00298,WH2,477,68,2025-10-16T06:09:01.811300
SKU00298,WH3,74,1,2025-10-16T06:09:01.811305
SKU00299,WH1,269,19,2025-10-16T06:09:01.811350
SKU00299,WH2,314,23,2025-10-16T06:09:01.811356
SKU00299,WH3,474,48,2025-10-16T06:09:01.811361
SKU00300,WH1,569,42,2025-10-16T06:09:01.811406
SKU00300,WH2,228,34,2025-10-16T06:09:01.811412
SKU00300,WH3,547,61,2025-10-16T06:09:01.811418
SKU00301,WH1,395,11,2025-10-16T06:09:01.811463
SKU00301,WH2,521,18,2025-10-16T06:09:01.811469
SKU00301,WH3,427,35,2025-10-16T06:09:01.811474
SKU00302,WH1,185,28,2025-10-16T06:09:01.811542
SKU00302,WH2,267,33,2025-10-16T06:09:01.811549
SKU00302,WH3,70,1,2025-10-16T06:09:01.811554
SKU00303,WH1,121,14,2025-10-16T06:09:01.811606
SKU00303,WH2,151,13,2025-10-16T06:09:01.811612
SKU00303,WH3,513,55,2025-10-16T06:09:01.811617
SKU00304,WH1,3,0,2025-10-16T06:09:01.811662
SKU00304,WH2,142,16,2025-10-16T06:09:01.811668
SKU00304,WH3,285,23,2025-10-16T06:09:01.811673
SKU00305,WH1,47,5,2025-10-16T06:09:01.811719
SKU00305,WH2,146,15,2025-10-16T06:09:01.811724
SKU00305,WH3,371,41,2025-10-16T06:09:01.811730
SKU00306,WH1,495,4,2025-10-16T06:09:01.811776
SKU00306,WH2,88,11,2025-10-16T06:09:01.811782
SKU00306,WH3,22,3,2025-10-16T06:09:01.811787
SKU00307,WH1,400,67,2025-10-16T06:09:01.811834
SKU00307,WH2,179,32,2025-10-16T06:09:01.811839
SKU00307,WH3,29,2,2025-10-16T06:09:01.811845
SKU00308,WH1,106,14,2025-10-16T06:09:01.811894
SKU00308,WH2,366,50,2025-10-16T06:09:01.811900
SKU00308,WH3,356,55,2025-10-16T06:09:01.811905
SKU00309,WH1,106,9,2025-10-16T06:09:01.811948
SKU00309,WH2,347,64,2025-10-16T06:09:01.811954
SKU00309,WH3,55,3,2025-10-16T06:09:01.811959
SKU00310,WH1,221,16,2025-10-16T06:09:01.812006
SKU00310,WH2,40,3,2025-10-16T06:09:01.812012
SKU00310,WH3,330,19,2025-10-16T06:09:01.812017
SKU00311,WH1,80,11,2025-10-16T06:09:01.812058
SKU00311,WH2,164,16,2025-10-16T06:09:01.812064
SKU00311,WH3,314,43,2025-10-16T06:09:01.812069
SKU00312,WH1,367,7,2025-10-16T06:09:01.812110
SKU00312,WH2,437,54,2025-10-16T06:09:01.812116
SKU00312,WH3,592,57,2025-10-16T06:09:01.812121
SKU00313,WH1,413,76,2025-10-16T06:09:01.812166
SKU00313,WH2,591,33,2025-10-16T06:09:01.812172
SKU00313,WH3,365,23,2025-10-16T06:09:01.812177
SKU00314,WH1,315,62,2025-10-16T06:09:01.812224
SKU00314,WH2,212,5,2025-10-16T06:09:01.812230
SKU00314,WH3,337,34,2025-10-16T06:09:01.812237
SKU00315,WH1,379,36,2025-10-16T06:09:01.812283
SKU00315,WH2,107,12,2025-10-16T06:09:01.812288
SKU00315,WH3,425,83,2025-10-16T06:09:01.812294
SKU00316,WH1,0,0,2025-10-16T06:09:01.812338
SKU00316,WH2,375,8,2025-10-16T06:09:01.812343
SKU00316,WH3,508,80,2025-10-16T06:09:01.812349
SKU00317,WH1,599,49,2025-10-16T06:09:01.812393
SKU00317,WH2,200,22,2025-10-16T06:09:01.812399
SKU00317,WH3,382,0,2025-10-16T06:09:01.812404
SKU00318,WH1,120,6,2025-10-16T06:09:01.812446
SKU00318,WH2,474,28,2025-10-16T06:09:01.812451
SKU00318,WH3,304,19,2025-10-16T06:09:01.812456
SKU00319,WH1,3,0,2025-10-16T06:09:01.812499
SKU00319,WH2,204,28,2025-10-16T06:09:01.812505
SKU00319,WH3,369,2,2025-10-16T06:09:01.812510
SKU00320,WH1,105,6,2025-10-16T06:09:01.812565
SKU00320,WH2,202,26,2025-10-16T06:09:01.812571
SKU00320,WH3,549,86,2025-10-16T06:09:01.812576
SKU00321,WH1,387,37,2025-10-16T06:09:01.812619
SKU00321,WH2,376,66,2025-10-16T06:09:01.812624
SKU00321,WH3,322,21,2025-10-16T06:09:01.812629
SKU00322,WH1,470,38,2025-10-16T06:09:01.812671
SKU00322,WH2,445,74,2025-10-16T06:09:01.812677
SKU00322,WH3,179,25,2025-10-16T06:09:01.812682
SKU00323,WH1,189,19,2025-10-16T06:09:01.812726
SKU00323,WH2,124,16,2025-10-16T06:09:01.812732
SKU00323,WH3,479,84,2025-10-16T06:09:01.812737
SKU00324,WH1,212,40,2025-10-16T06:09:01.812782
SKU00324,WH2,168,1,2025-10-16T06:09:01.812787
SKU00324,WH3,590,73,2025-10-16T06:09:01.812793
SKU00325,WH1,505,57,2025-10-16T06:09:01.812836
SKU00325,WH2,233,27,2025-10-16T06:09:01.812846
SKU00325,WH3,518,77,2025-10-16T06:09:01.812853
SKU00326,WH1,423,26,2025-10-16T06:09:01.812897
SKU00326,WH2,18,1,2025-10-16T06:09:01.812902
SKU00326,WH3,298,14,2025-10-16T06:09:01.812907
SKU00327,WH1,271,51,2025-10-16T06:09:01.812950
SKU00327,WH2,129,7,2025-10-16T06:09:01.812957
SKU00327,WH3,67,10,2025-10-16T06:09:01.812962
SKU00328,WH1,466,84,2025-10-16T06:09:01.813004
SKU00328,WH2,266,1,2025-10-16T06:09:01.813009
SKU00328,WH3,289,28,2025-10-16T06:09:01.813014
SKU00329,WH1,114,20,2025-10-16T06:09:01.813058
SKU00329,WH2,439,45,2025-10-16T06:09:01.813064
SKU00329,WH3,465,13,2025-10-16T06:09:01.813069
SKU00330,WH1,523,85,2025-10-16T06:09:01.813110
SKU00330,WH2,562,75,2025-10-16T06:09:01.813116
SKU00330,WH3,79,10,2025-10-16T06:09:01.813121
SKU00331,WH1,275,39,2025-10-16T06:09:01.813162
SKU00331,WH2,313,0,2025-10-16T06:09:01.813168
SKU00331,WH3,559,76,2025-10-16T06:09:01.813175
SKU00332,WH1,356,6,2025-10-16T06:09:01.813218
SKU00332,WH2,280,2,2025-10-16T06:09:01.813223
SKU00332,WH3,312,40,2025-10-16T06:09:01.813228
SKU00333,WH1,187,21,2025-10-16T06:09:01.813272
SKU00333,WH2,187,33,2025-10-16T06:09:01.813278
SKU00333,WH3,192,7,2025-10-16T06:09:01.813283
SKU00334,WH1,165,10,2025-10-16T06:09:01.813324
SKU00334,WH2,264,6,2025-10-16T06:09:01.813330
SKU00334,WH3,89,4,2025-10-16T06:09:01.813335
SKU00335,WH1,9,0,2025-10-16T06:09:01.813377
SKU00335,WH2,308,12,2025-10-16T06:09:01.813383
SKU00335,WH3,210,13,2025-10-16T06:09:01.813388
SKU00336,WH1,84,11,2025-10-16T06:09:01.813431
SKU00336,WH2,169,8,2025-10-16T06:09:01.813437
SKU00336,WH3,42,4,2025-10-16T06:09:01.813442
SKU00337,WH1,203,17,2025-10-16T06:09:01.813484
SKU00337,WH2,78,7,2025-10-16T06:09:01.813491
SKU00337,WH3,405,8,2025-10-16T06:09:01.813496
SKU00338,WH1,32,2,2025-10-16T06:09:01.813553
SKU00338,WH2,107,12,2025-10-16T06:09:01.813559
SKU00338,WH3,355,59,2025-10-16T06:09:01.813568
SKU00339,WH1,419,51,2025-10-16T06:09:01.813611
SKU00339,WH2,187,30,2025-10-16T06:09:01.813617
SKU00339,WH3,427,57,2025-10-16T06:09:01.813622
SKU00340,WH1,320,62,2025-10-16T06:09:01.813663
SKU00340,WH2,453,41,2025-10-16T06:09:01.813668
SKU00340,WH3,79,12,2025-10-16T06:09:01.813674
SKU00341,WH1,551,51,2025-10-16T06:09:01.813717
SKU00341,WH2,273,36,2025-10-16T06:09:01.813723
SKU00341,WH3,426,39,2025-10-16T06:09:01.813728
SKU00342,WH1,139,6,2025-10-16T06:09:01.813769
SKU00342,WH2,516,63,2025-10-16T06:09:01.813775
SKU00342,WH3,547,42,2025-10-16T06:09:01.813780
SKU00343,WH1,419,55,2025-10-16T06:09:01.813821
SKU00343,WH2,473,82,2025-10-16T06:09:01.813826
SKU00343,WH3,271,1,2025-10-16T06:09:01.813831
SKU00344,WH1,285,20,2025-10-16T06:09:01.813872
SKU00344,WH2,276,9,2025-10-16T06:09:01.813878
SKU00344,WH3,460,55,2025-10-16T06:09:01.813883
SKU00345,WH1,76,1,2025-10-16T06:09:01.813927
SKU00345,WH2,490,78,2025-10-16T06:09:01.813933
SKU00345,WH3,195,25,2025-10-16T06:09:01.813938
SKU00346,WH1,475,50,2025-10-16T06:09:01.813984
SKU00346,WH2,240,19,2025-10-16T06:09:01.813989
SKU00346,WH3,372,40,2025-10-16T06:09:01.813995
SKU00347,WH1,584,44,2025-10-16T06:09:01.814070
SKU00347,WH2,204,32,2025-10-16T06:09:01.814077
SKU00347,WH3,354,54,2025-10-16T06:09:01.814082
SKU00348,WH1,261,40,2025-10-16T06:09:01.814128
SKU00348,WH2,326,15,2025-10-16T06:09:01.814134
SKU00348,WH3,397,6,2025-10-16T06:09:01.814140
SKU00349,WH1,558,63,2025-10-16T06:09:01.814184
SKU00349,WH2,291,34,2025-10-16T06:09:01.814190
SKU00349,WH3,277,30,2025-10-16T06:09:01.814195
SKU00350,WH1,493,17,2025-10-16T06:09:01.814239
SKU00350,WH2,573,7,2025-10-16T06:09:01.814245
SKU00350,WH3,65,10,2025-10-16T06:09:01.814250
SKU00351,WH1,462,34,2025-10-16T06:09:01.814292
SKU00351,WH2,296,38,2025-10-16T06:09:01.814298
SKU00351,WH3,54,8,2025-10-16T06:09:01.814303
SKU00352,WH1,532,95,2025-10-16T06:09:01.814344
SKU00352,WH2,381,0,2025-10-16T06:09:01.814350
SKU00352,WH3,88,2,2025-10-16T06:09:01.814355
SKU00353,WH1,318,24,2025-10-16T06:09:01.814396
SKU00353,WH2,346,13,2025-10-16T06:09:01.814402
SKU00353,WH3,408,25,2025-10-16T06:09:01.814407
SKU00354,WH1,342,62,2025-10-16T06:09:01.814448
SKU00354,WH2,182,33,2025-10-16T06:09:01.814453
SKU00354,WH3,260,51,2025-10-16T06:09:01.814459
SKU00355,WH1,206,3,2025-10-16T06:09:01.814499
SKU00355,WH2,4,0,2025-10-16T06:09:01.814505
SKU00355,WH3,242,6,2025-10-16T06:09:01.814510
SKU00356,WH1,176,12,2025-10-16T06:09:01.814551
SKU00356,WH2,329,3,2025-10-16T06:09:01.814557
SKU00356,WH3,422,68,2025-10-16T06:09:01.814562
SKU00357,WH1,215,37,2025-10-16T06:09:01.814605
SKU00357,WH2,519,24,2025-10-16T06:09:01.814611
SKU00357,WH3,421,33,2025-10-16T06:09:01.814616
SKU00358,WH1,190,14,2025-10-16T06:09:01.814659
SKU00358,WH2,228,24,2025-10-16T06:09:01.814666
SKU00358,WH3,397,37,2025-10-16T06:09:01.814671
SKU00359,WH1,112,8,2025-10-16T06:09:01.814712
SKU00359,WH2,554,92,2025-10-16T06:09:01.814718
SKU00359,WH3,92,17,2025-10-16T06:09:01.814723
SKU00360,WH1,402,10,2025-10-16T06:09:01.814766
SKU00360,WH2,43,0,2025-10-16T06:09:01.814772
SKU00360,WH3,432,41,2025-10-16T06:09:01.814777
SKU00361,WH1,262,51,2025-10-16T06:09:01.814818
SKU00361,WH2,50,6,2025-10-16T06:09:01.814823
SKU00361,WH3,249,22,2025-10-16T06:09:01.814828
SKU00362,WH1,473,56,2025-10-16T06:09:01.814869
SKU00362,WH2,255,9,2025-10-16T06:09:01.814875
SKU00362,WH3,305,33,2025-10-16T06:09:01.814880
SKU00363,WH1,270,19,2025-10-16T06:09:01.814920
SKU00363,WH2,111,13,2025-10-16T06:09:01.814926
SKU00363,WH3,346,58,2025-10-16T06:09:01.814931
SKU00364,WH1,142,14,2025-10-16T06:09:01.814974
SKU00364,WH2,246,26,2025-10-16T06:09:01.814980
SKU00364,WH3,220,43,2025-10-16T06:09:01.814985
SKU00365,WH1,340,47,2025-10-16T06:09:01.815026
SKU00365,WH2,67,6,2025-10-16T06:09:01.815032
SKU00365,WH3,414,11,2025-10-16T06:09:01.815037
SKU00366,WH1,438,85,2025-10-16T06:09:01.815108
SKU00366,WH2,590,91,2025-10-16T06:09:01.815114
SKU00366,WH3,278,4,2025-10-16T06:09:01.815120
SKU00367,WH1,533,9,2025-10-16T06:09:01.815161
SKU00367,WH2,283,41,2025-10-16T06:09:01.815167
SKU00367,WH3,576,8,2025-10-16T06:09:01.815172
SKU00368,WH1,380,60,2025-10-16T06:09:01.815220
SKU00368,WH2,187,1,2025-10-16T06:09:01.815227
SKU00368,WH3,206,31,2025-10-16T06:09:01.815233
SKU00369,WH1,281,28,2025-10-16T06:09:01.815275
SKU00369,WH2,281,41,2025-10-16T06:09:01.815282
SKU00369,WH3,252,48,2025-10-16T06:09:01.815287
SKU00370,WH1,478,27,2025-10-16T06:09:01.815331
SKU00370,WH2,21,3,2025-10-16T06:09:01.815337
SKU00370,WH3,449,64,2025-10-16T06:09:01.815342
SKU00371,WH1,338,4,2025-10-16T06:09:01.815384
SKU00371,WH2,283,9,2025-10-16T06:09:01.815390
SKU00371,WH3,30,5,2025-10-16T06:09:01.815395
SKU00372,WH1,485,60,2025-10-16T06:09:01.815439
SKU00372,WH2,172,2,2025-10-16T06:09:01.815444
SKU00372,WH3,303,51,2025-10-16T06:09:01.815450
SKU00373,WH1,166,4,2025-10-16T06:09:01.815491
SKU00373,WH2,168,28,2025-10-16T06:09:01.815496
SKU00373,WH3,8,0,2025-10-16T06:09:01.815501
SKU00374,WH1,104,11,2025-10-16T06:09:01.815542
SKU00374,WH2,90,8,2025-10-16T06:09:01.815548
SKU00374,WH3,484,25,2025-10-16T06:09:01.815553
SKU00375,WH1,420,40,2025-10-16T06:09:01.815594
SKU00375,WH2,479,81,2025-10-16T06:09:01.815600
SKU00375,WH3,205,3,2025-10-16T06:09:01.815605
SKU00376,WH1,87,15,2025-10-16T06:09:01.815645
SKU00376,WH2,92,8,2025-10-16T06:09:01.815651
SKU00376,WH3,596,91,2025-10-16T06:09:01.815656
SKU00377,WH1,142,12,2025-10-16T06:09:01.815700
SKU00377,WH2,382,16,2025-10-16T06:09:01.815706
SKU00377,WH3,440,30,2025-10-16T06:09:01.815711
SKU00378,WH1,385,58,2025-10-16T06:09:01.815752
SKU00378,WH2,69,2,2025-10-16T06:09:01.815757
SKU00378,WH3,239,14,2025-10-16T06:09:01.815763
SKU00379,WH1,447,66,2025-10-16T06:09:01.815804
SKU00379,WH2,319,23,2025-10-16T06:09:01.815810
SKU00379,WH3,423,39,2025-10-16T06:09:01.815815
SKU00380,WH1,87,14,2025-10-16T06:09:01.815855
SKU00380,WH2,7,0,2025-10-16T06:09:01.815861
SKU00380,WH3,269,35,2025-10-16T06:09:01.815866
